,Accuracy,Cohen_Kappa
LDA,76.05,0.613192478329896
Bayes,68.75,0.44260280410922126
