,Discrimination_power,p_value
Ore_Studiu,1201.042364007662,0.0
Ore_Activitati_Extracuriculare,0.1078852587224162,0.9
Ore_Somn,115.15578147943533,0.0
Ore_Social,3.023517924594067,0.05
Ore_Activ,50.26701521383061,0.0
GPA,434.88819227855015,0.0
